Column1,sourceLocationId,destinationLocationId,category,urgency,timeSubmitted,deadline,status,fineAmountGHS
1,51,10,Shuttle Booking - Special Event Transport,low,2026-05-01,2026-05-01,pending,0
2,40,56,Security Incident Report,medium,2026-04-02,2026-04-02,fulfilled,0
3,30,13,Shuttle Booking - Special Event Transport,medium,2026-01-30,2026-01-30,denied,0
4,42,15,Shuttle Booking - Special Event Transport,low,2026-04-16,2026-04-16,fulfilled,0
5,2,33,Maintenance - Electrical Fault,high,2026-02-05,2026-02-12,fulfilled,0
6,55,2,Shuttle Booking - Special Event Transport,medium,2026-03-09,2026-03-09,overdue,0
7,30,10,Shuttle Booking - Special Event Transport,high,2026-04-06,2026-04-06,denied,0
8,17,56,Security Incident Report,high,2026-04-12,2026-04-12,pending,0
9,5,56,Security Incident Report,medium,2026-01-15,2026-01-15,fulfilled,0
10,46,8,Shuttle Booking - Scheduled Route,high,2026-04-30,2026-04-30,fulfilled,0
11,45,33,Maintenance - Electrical Fault,high,2026-02-07,2026-02-12,denied,0
12,55,2,Shuttle Booking - Scheduled Route,medium,2026-01-21,2026-01-21,overdue,0
13,42,33,Maintenance - Plumbing Issue,medium,2026-02-23,2026-02-28,fulfilled,0
14,48,33,Maintenance - Carpentry/Structural,high,2026-04-12,2026-04-13,fulfilled,0
15,54,2,Shuttle Booking - Special Event Transport,medium,2026-02-03,2026-02-03,pending,0
16,11,33,Maintenance - Carpentry/Structural,medium,2026-04-04,2026-04-05,denied,0
17,45,14,Shuttle Booking - Scheduled Route,high,2026-01-12,2026-01-12,fulfilled,0
18,25,33,Maintenance - AC/Ventilation Repair,high,2026-03-03,2026-03-10,fulfilled,0
19,15,33,Maintenance - Electrical Fault,high,2026-02-08,2026-02-11,fulfilled,0
20,10,16,IT Support Request (UGCS),medium,2026-04-28,2026-04-30,fulfilled,0
21,24,33,Maintenance - Plumbing Issue,high,2026-02-07,2026-02-09,fulfilled,0
22,20,16,IT Support Request (UGCS),medium,2026-02-28,2026-03-02,pending,0
23,19,16,IT Support Request (UGCS),medium,2026-04-28,2026-04-29,denied,0
24,6,33,Maintenance - Carpentry/Structural,low,2026-01-31,2026-02-02,pending,0
25,27,33,Maintenance - AC/Ventilation Repair,high,2026-04-16,2026-04-23,pending,0
26,30,9,Shuttle Booking - Scheduled Route,medium,2026-03-30,2026-03-30,fulfilled,0
27,3,33,Maintenance - Plumbing Issue,high,2026-03-18,2026-03-20,denied,0
28,25,23,Lab-Resource Movement - Equipment Transfer,medium,2026-04-27,2026-04-29,pending,0
29,17,33,Maintenance - Plumbing Issue,high,2026-02-10,2026-02-17,fulfilled,0
30,19,16,Lab-Resource Movement - Equipment Transfer,high,2026-05-09,2026-05-10,overdue,0
31,29,29,Shuttle Booking - Scheduled Route,medium,2026-02-12,2026-02-12,overdue,0
32,18,17,Lab-Resource Movement - Instrument Booking,low,2026-03-26,2026-03-28,pending,0
33,53,14,Shuttle Booking - Special Event Transport,medium,2026-04-06,2026-04-06,fulfilled,0
34,9,33,Maintenance - Electrical Fault,medium,2026-05-08,2026-05-11,fulfilled,0
35,46,33,Maintenance - Electrical Fault,low,2026-04-03,2026-04-08,fulfilled,0
36,17,18,Lab-Resource Movement - Equipment Transfer,medium,2026-01-29,2026-01-31,overdue,0
37,50,33,Maintenance - Electrical Fault,low,2026-04-16,2026-04-19,overdue,10
38,50,28,Shuttle Booking - Special Event Transport,high,2026-05-03,2026-05-03,fulfilled,0
39,13,16,IT Support Request (UGCS),low,2026-03-01,2026-03-04,fulfilled,0
40,3,16,IT Support Request (UGCS),high,2026-01-22,2026-01-25,fulfilled,0
41,21,23,Lab-Resource Movement - Equipment Transfer,medium,2026-04-15,2026-04-18,denied,0
42,54,30,Shuttle Booking - Special Event Transport,medium,2026-04-29,2026-04-29,overdue,0
43,1,16,IT Support Request (UGCS),high,2026-03-14,2026-03-15,fulfilled,0
44,52,4,Shuttle Booking - Special Event Transport,low,2026-04-06,2026-04-06,overdue,0
45,25,19,Lab-Resource Movement - Equipment Transfer,high,2026-04-08,2026-04-11,pending,0
46,23,24,Lab-Resource Movement - Instrument Booking,low,2026-05-11,2026-05-12,overdue,0
47,43,9,Shuttle Booking - Scheduled Route,low,2026-02-13,2026-02-13,pending,0
48,47,2,Shuttle Booking - Scheduled Route,high,2026-03-27,2026-03-27,pending,0
49,29,30,Shuttle Booking - Special Event Transport,medium,2026-04-29,2026-04-29,pending,0
50,4,33,Maintenance - Plumbing Issue,medium,2026-03-13,2026-03-15,denied,0
51,52,6,Shuttle Booking - Scheduled Route,low,2026-03-19,2026-03-19,overdue,0
52,25,33,Maintenance - Plumbing Issue,high,2026-02-16,2026-02-17,overdue,50
53,25,16,Lab-Resource Movement - Instrument Booking,medium,2026-04-05,2026-04-08,pending,0
54,28,4,Shuttle Booking - Scheduled Route,medium,2026-02-05,2026-02-05,pending,0
55,15,33,Maintenance - Electrical Fault,low,2026-01-26,2026-01-27,overdue,10
56,17,33,Maintenance - AC/Ventilation Repair,high,2026-04-27,2026-04-30,pending,0
57,44,33,Maintenance - Electrical Fault,medium,2026-03-21,2026-03-23,pending,0
58,27,24,Lab-Resource Movement - Equipment Transfer,medium,2026-03-22,2026-03-25,pending,0
59,44,30,Shuttle Booking - Scheduled Route,low,2026-05-07,2026-05-07,denied,0
60,54,33,Maintenance - Carpentry/Structural,medium,2026-03-11,2026-03-12,denied,0
61,57,56,Security Incident Report,low,2026-04-05,2026-04-05,overdue,0
62,43,31,Shuttle Booking - Special Event Transport,medium,2026-04-05,2026-04-05,pending,0
63,6,33,Maintenance - AC/Ventilation Repair,medium,2026-01-23,2026-01-30,overdue,25
64,47,33,Maintenance - Electrical Fault,medium,2026-03-17,2026-03-18,denied,0
65,20,24,Lab-Resource Movement - Instrument Booking,low,2026-03-06,2026-03-07,pending,0
66,44,33,Maintenance - Plumbing Issue,medium,2026-04-24,2026-04-26,overdue,15
67,53,10,Shuttle Booking - Special Event Transport,high,2026-03-19,2026-03-19,fulfilled,0
68,22,33,Maintenance - AC/Ventilation Repair,medium,2026-03-20,2026-03-23,pending,0
69,36,56,Security Incident Report,low,2026-04-29,2026-04-29,overdue,0
70,46,32,Shuttle Booking - Scheduled Route,low,2026-02-07,2026-02-07,denied,0
71,49,33,Maintenance - AC/Ventilation Repair,medium,2026-03-21,2026-03-28,fulfilled,0
72,18,16,IT Support Request (UGCS),medium,2026-01-15,2026-01-16,denied,0
73,32,56,Security Incident Report,low,2026-01-27,2026-01-27,pending,0
74,13,33,Maintenance - Plumbing Issue,low,2026-03-11,2026-03-16,overdue,20
75,47,9,Shuttle Booking - Special Event Transport,medium,2026-01-28,2026-01-28,overdue,0
76,26,33,Maintenance - Plumbing Issue,high,2026-03-06,2026-03-07,overdue,15
77,51,33,Maintenance - Electrical Fault,high,2026-02-05,2026-02-07,fulfilled,0
78,21,19,Lab-Resource Movement - Equipment Transfer,medium,2026-04-14,2026-04-17,denied,0
79,24,33,Maintenance - Plumbing Issue,medium,2026-04-15,2026-04-16,overdue,20
80,25,56,Security Incident Report,medium,2026-01-14,2026-01-14,denied,0
81,35,56,Security Incident Report,low,2026-02-01,2026-02-01,pending,0
82,35,56,Security Incident Report,high,2026-04-30,2026-04-30,pending,0
83,9,33,Maintenance - AC/Ventilation Repair,low,2026-04-02,2026-04-04,overdue,50
84,19,17,Lab-Resource Movement - Instrument Booking,high,2026-02-08,2026-02-09,pending,0
85,3,33,Maintenance - Carpentry/Structural,low,2026-01-23,2026-01-28,fulfilled,0
86,32,2,Shuttle Booking - Scheduled Route,medium,2026-03-22,2026-03-22,fulfilled,0
87,9,33,Maintenance - Plumbing Issue,high,2026-03-25,2026-03-28,fulfilled,0
88,22,56,Security Incident Report,low,2026-04-19,2026-04-19,pending,0
89,43,33,Maintenance - Plumbing Issue,medium,2026-01-25,2026-01-26,denied,0
90,49,33,Maintenance - Carpentry/Structural,high,2026-02-04,2026-02-06,pending,0
91,48,33,Maintenance - Carpentry/Structural,medium,2026-05-10,2026-05-17,fulfilled,0
92,46,33,Maintenance - Carpentry/Structural,low,2026-03-12,2026-03-13,overdue,35
93,48,9,Shuttle Booking - Special Event Transport,medium,2026-03-18,2026-03-18,overdue,0
94,44,33,Maintenance - Electrical Fault,low,2026-04-11,2026-04-13,pending,0
95,48,8,Shuttle Booking - Scheduled Route,medium,2026-02-27,2026-02-27,pending,0
96,42,33,Maintenance - Plumbing Issue,low,2026-04-23,2026-04-26,fulfilled,0
97,43,12,Shuttle Booking - Scheduled Route,low,2026-03-29,2026-03-29,overdue,0
98,27,18,Lab-Resource Movement - Equipment Transfer,high,2026-04-17,2026-04-19,pending,0
99,21,23,Lab-Resource Movement - Instrument Booking,low,2026-04-10,2026-04-11,denied,0
100,46,33,Maintenance - AC/Ventilation Repair,low,2026-02-04,2026-02-07,overdue,40
101,9,33,Maintenance - Plumbing Issue,high,2026-05-05,2026-05-12,fulfilled,0
102,6,33,Maintenance - AC/Ventilation Repair,medium,2026-05-12,2026-05-15,pending,0
103,54,30,Shuttle Booking - Scheduled Route,low,2026-02-04,2026-02-04,denied,0
104,12,33,Maintenance - AC/Ventilation Repair,low,2026-01-27,2026-02-03,fulfilled,0
105,2,33,Maintenance - Plumbing Issue,low,2026-01-25,2026-01-28,denied,0
106,43,8,Shuttle Booking - Scheduled Route,low,2026-01-18,2026-01-18,fulfilled,0
107,21,25,Lab-Resource Movement - Equipment Transfer,medium,2026-02-16,2026-02-19,denied,0
108,7,56,Security Incident Report,low,2026-04-30,2026-04-30,denied,0
109,44,33,Maintenance - Plumbing Issue,low,2026-03-29,2026-04-03,pending,0
110,42,11,Shuttle Booking - Scheduled Route,medium,2026-05-16,2026-05-16,denied,0
111,53,8,Shuttle Booking - Special Event Transport,medium,2026-02-17,2026-02-17,overdue,0
112,42,56,Security Incident Report,medium,2026-03-14,2026-03-14,overdue,0
113,19,26,Lab-Resource Movement - Equipment Transfer,high,2026-01-13,2026-01-14,pending,0
114,29,6,Shuttle Booking - Scheduled Route,low,2026-03-02,2026-03-02,fulfilled,0
115,11,16,IT Support Request (UGCS),low,2026-05-12,2026-05-13,pending,0
116,45,3,Shuttle Booking - Scheduled Route,low,2026-03-14,2026-03-14,fulfilled,0
117,44,15,Shuttle Booking - Special Event Transport,high,2026-05-14,2026-05-14,fulfilled,0
118,4,16,IT Support Request (UGCS),medium,2026-03-11,2026-03-12,fulfilled,0
119,17,22,Lab-Resource Movement - Instrument Booking,low,2026-01-31,2026-02-02,pending,0
120,45,14,Shuttle Booking - Scheduled Route,medium,2026-03-29,2026-03-29,overdue,0
121,19,56,Security Incident Report,high,2026-05-13,2026-05-13,pending,0
122,19,33,Maintenance - AC/Ventilation Repair,medium,2026-01-26,2026-01-29,overdue,25
123,27,25,Lab-Resource Movement - Equipment Transfer,low,2026-04-09,2026-04-12,pending,0
124,19,25,Lab-Resource Movement - Equipment Transfer,high,2026-02-05,2026-02-08,pending,0
125,42,33,Maintenance - Electrical Fault,low,2026-01-19,2026-01-22,overdue,35
126,48,33,Maintenance - Electrical Fault,low,2026-01-16,2026-01-18,overdue,10
127,22,33,Maintenance - Plumbing Issue,low,2026-02-01,2026-02-03,overdue,40
128,47,6,Shuttle Booking - Special Event Transport,medium,2026-02-07,2026-02-07,pending,0
129,26,33,Maintenance - Plumbing Issue,high,2026-03-10,2026-03-12,denied,0
130,49,32,Shuttle Booking - Scheduled Route,low,2026-02-14,2026-02-14,pending,0
131,18,16,IT Support Request (UGCS),medium,2026-02-18,2026-02-21,pending,0
132,55,31,Shuttle Booking - Scheduled Route,low,2026-02-28,2026-02-28,overdue,0
133,14,33,Maintenance - Plumbing Issue,low,2026-01-22,2026-01-29,denied,0
134,28,30,Shuttle Booking - Special Event Transport,medium,2026-04-27,2026-04-27,pending,0
135,10,16,IT Support Request (UGCS),high,2026-04-10,2026-04-12,overdue,0
136,21,27,Lab-Resource Movement - Equipment Transfer,high,2026-02-09,2026-02-12,overdue,0
137,27,23,Lab-Resource Movement - Instrument Booking,high,2026-02-22,2026-02-25,overdue,0
138,46,10,Shuttle Booking - Special Event Transport,low,2026-04-24,2026-04-24,pending,0
139,53,3,Shuttle Booking - Scheduled Route,low,2026-05-06,2026-05-06,overdue,0
140,26,22,Lab-Resource Movement - Instrument Booking,high,2026-02-27,2026-03-02,denied,0
141,10,33,Maintenance - AC/Ventilation Repair,low,2026-03-25,2026-03-30,pending,0
142,6,16,IT Support Request (UGCS),low,2026-02-03,2026-02-04,denied,0
143,24,16,Lab-Resource Movement - Equipment Transfer,high,2026-02-09,2026-02-12,pending,0
144,1,16,IT Support Request (UGCS),medium,2026-05-15,2026-05-18,denied,0
145,6,33,Maintenance - Plumbing Issue,low,2026-03-22,2026-03-29,fulfilled,0
146,27,17,Lab-Resource Movement - Instrument Booking,high,2026-02-16,2026-02-18,fulfilled,0
147,51,33,Maintenance - Electrical Fault,low,2026-04-05,2026-04-06,denied,0
148,18,33,Maintenance - AC/Ventilation Repair,low,2026-02-09,2026-02-16,overdue,40
149,47,32,Shuttle Booking - Scheduled Route,medium,2026-02-24,2026-02-24,denied,0
150,46,56,Security Incident Report,low,2026-01-21,2026-01-21,fulfilled,0
151,28,8,Shuttle Booking - Scheduled Route,low,2026-02-25,2026-02-25,denied,0
152,34,56,Security Incident Report,low,2026-01-15,2026-01-15,fulfilled,0
153,13,33,Maintenance - Plumbing Issue,medium,2026-05-10,2026-05-12,pending,0
154,52,33,Maintenance - Carpentry/Structural,low,2026-03-01,2026-03-04,pending,0
155,46,4,Shuttle Booking - Scheduled Route,medium,2026-03-20,2026-03-20,denied,0
156,20,27,Lab-Resource Movement - Equipment Transfer,low,2026-01-26,2026-01-27,pending,0
157,24,33,Maintenance - Electrical Fault,medium,2026-01-14,2026-01-19,fulfilled,0
158,18,22,Lab-Resource Movement - Instrument Booking,high,2026-02-06,2026-02-07,pending,0
159,20,16,IT Support Request (UGCS),low,2026-03-13,2026-03-16,pending,0
160,45,8,Shuttle Booking - Special Event Transport,high,2026-05-06,2026-05-06,overdue,0
161,55,56,Security Incident Report,low,2026-03-14,2026-03-14,denied,0
162,54,30,Shuttle Booking - Scheduled Route,medium,2026-04-06,2026-04-06,pending,0
163,32,8,Shuttle Booking - Scheduled Route,high,2026-02-08,2026-02-08,fulfilled,0
164,17,33,Maintenance - AC/Ventilation Repair,high,2026-05-03,2026-05-06,denied,0
165,25,33,Maintenance - AC/Ventilation Repair,low,2026-03-06,2026-03-08,denied,0
166,3,33,Maintenance - Carpentry/Structural,medium,2026-01-30,2026-02-06,pending,0
167,18,16,IT Support Request (UGCS),medium,2026-03-19,2026-03-20,pending,0
168,7,16,IT Support Request (UGCS),high,2026-01-12,2026-01-13,pending,0
169,26,33,Maintenance - Plumbing Issue,medium,2026-02-15,2026-02-22,fulfilled,0
170,30,14,Shuttle Booking - Special Event Transport,low,2026-03-12,2026-03-12,fulfilled,0
171,47,33,Maintenance - AC/Ventilation Repair,medium,2026-02-05,2026-02-10,pending,0
172,20,33,Maintenance - Electrical Fault,low,2026-03-05,2026-03-10,pending,0
173,22,17,Lab-Resource Movement - Equipment Transfer,medium,2026-02-20,2026-02-23,overdue,0
174,30,7,Shuttle Booking - Special Event Transport,low,2026-04-13,2026-04-13,pending,0
175,16,33,Maintenance - Plumbing Issue,low,2026-03-03,2026-03-04,denied,0
176,17,33,Maintenance - Electrical Fault,medium,2026-04-13,2026-04-15,overdue,50
177,42,33,Maintenance - Plumbing Issue,medium,2026-04-20,2026-04-22,pending,0
178,24,20,Lab-Resource Movement - Equipment Transfer,low,2026-03-01,2026-03-03,denied,0
179,17,56,Security Incident Report,low,2026-01-23,2026-01-23,pending,0
180,47,5,Shuttle Booking - Scheduled Route,low,2026-01-26,2026-01-26,denied,0
181,22,17,Lab-Resource Movement - Instrument Booking,medium,2026-04-27,2026-04-28,pending,0
182,22,16,IT Support Request (UGCS),high,2026-01-28,2026-01-31,pending,0
183,44,33,Maintenance - Carpentry/Structural,high,2026-03-04,2026-03-09,fulfilled,0
184,52,33,Maintenance - Plumbing Issue,high,2026-01-16,2026-01-17,denied,0
185,50,12,Shuttle Booking - Scheduled Route,high,2026-02-24,2026-02-24,pending,0
186,17,33,Maintenance - Carpentry/Structural,low,2026-03-02,2026-03-05,denied,0
187,13,16,IT Support Request (UGCS),high,2026-04-15,2026-04-18,overdue,0
188,20,33,Maintenance - AC/Ventilation Repair,low,2026-03-30,2026-03-31,overdue,30
189,15,33,Maintenance - AC/Ventilation Repair,medium,2026-02-20,2026-02-21,denied,0
190,5,33,Maintenance - AC/Ventilation Repair,low,2026-02-23,2026-02-24,pending,0
191,20,25,Lab-Resource Movement - Equipment Transfer,low,2026-05-07,2026-05-08,overdue,0
192,5,16,IT Support Request (UGCS),low,2026-03-18,2026-03-21,pending,0
193,54,56,Security Incident Report,low,2026-04-12,2026-04-12,fulfilled,0
194,2,33,Maintenance - AC/Ventilation Repair,high,2026-01-29,2026-02-03,denied,0
195,21,20,Lab-Resource Movement - Instrument Booking,medium,2026-01-23,2026-01-25,fulfilled,0
196,44,14,Shuttle Booking - Special Event Transport,low,2026-01-29,2026-01-29,overdue,0
197,8,33,Maintenance - Carpentry/Structural,low,2026-05-06,2026-05-13,pending,0
198,10,33,Maintenance - Plumbing Issue,high,2026-02-17,2026-02-19,overdue,15
199,46,33,Maintenance - Carpentry/Structural,low,2026-03-23,2026-03-28,fulfilled,0
200,32,5,Shuttle Booking - Scheduled Route,high,2026-04-22,2026-04-22,fulfilled,0
201,16,33,Maintenance - Carpentry/Structural,high,2026-03-05,2026-03-06,pending,0
202,37,56,Security Incident Report,medium,2026-01-27,2026-01-27,pending,0
203,20,19,Lab-Resource Movement - Instrument Booking,low,2026-01-28,2026-01-31,overdue,0
204,44,33,Maintenance - Electrical Fault,low,2026-04-22,2026-04-24,denied,0
205,52,7,Shuttle Booking - Special Event Transport,low,2026-01-25,2026-01-25,denied,0
206,23,22,Lab-Resource Movement - Equipment Transfer,medium,2026-05-05,2026-05-07,fulfilled,0
207,17,16,IT Support Request (UGCS),high,2026-05-07,2026-05-09,denied,0
208,29,5,Shuttle Booking - Scheduled Route,high,2026-02-22,2026-02-22,denied,0
209,26,16,IT Support Request (UGCS),medium,2026-04-18,2026-04-20,fulfilled,0
210,15,33,Maintenance - AC/Ventilation Repair,high,2026-04-30,2026-05-02,denied,0
211,48,33,Maintenance - Electrical Fault,medium,2026-04-10,2026-04-17,pending,0
212,26,56,Security Incident Report,medium,2026-04-06,2026-04-06,fulfilled,0
213,25,18,Lab-Resource Movement - Instrument Booking,low,2026-03-06,2026-03-07,denied,0
214,3,16,IT Support Request (UGCS),high,2026-05-07,2026-05-08,pending,0
215,16,33,Maintenance - Plumbing Issue,low,2026-03-26,2026-03-27,overdue,20
216,18,17,Lab-Resource Movement - Equipment Transfer,high,2026-02-22,2026-02-24,denied,0
217,23,56,Security Incident Report,medium,2026-01-30,2026-01-30,pending,0
218,16,33,Maintenance - Electrical Fault,medium,2026-01-15,2026-01-18,overdue,30
219,52,2,Shuttle Booking - Special Event Transport,high,2026-05-11,2026-05-11,overdue,0
220,9,33,Maintenance - Electrical Fault,high,2026-02-21,2026-02-26,fulfilled,0
221,22,33,Maintenance - Carpentry/Structural,low,2026-05-04,2026-05-06,pending,0
222,48,33,Maintenance - AC/Ventilation Repair,high,2026-04-05,2026-04-08,overdue,25
223,32,6,Shuttle Booking - Scheduled Route,low,2026-05-04,2026-05-04,denied,0
224,6,33,Maintenance - Plumbing Issue,high,2026-02-09,2026-02-10,pending,0
225,19,25,Lab-Resource Movement - Equipment Transfer,high,2026-04-14,2026-04-17,overdue,0
226,26,24,Lab-Resource Movement - Equipment Transfer,medium,2026-04-24,2026-04-25,pending,0
227,19,21,Lab-Resource Movement - Equipment Transfer,high,2026-04-07,2026-04-08,fulfilled,0
228,53,30,Shuttle Booking - Special Event Transport,high,2026-03-09,2026-03-09,fulfilled,0
229,18,16,IT Support Request (UGCS),low,2026-02-17,2026-02-19,denied,0
230,10,16,IT Support Request (UGCS),high,2026-02-02,2026-02-03,pending,0
231,22,33,Maintenance - Carpentry/Structural,medium,2026-04-15,2026-04-16,pending,0
232,16,33,Maintenance - Carpentry/Structural,high,2026-04-01,2026-04-08,denied,0
233,53,33,Maintenance - Electrical Fault,medium,2026-01-19,2026-01-20,overdue,30
234,46,12,Shuttle Booking - Special Event Transport,high,2026-03-19,2026-03-19,pending,0
235,2,33,Maintenance - Plumbing Issue,low,2026-03-08,2026-03-13,overdue,20
236,19,26,Lab-Resource Movement - Equipment Transfer,medium,2026-03-22,2026-03-25,denied,0
237,25,16,Lab-Resource Movement - Equipment Transfer,high,2026-02-06,2026-02-09,denied,0
238,25,33,Maintenance - Carpentry/Structural,medium,2026-01-31,2026-02-01,denied,0
239,45,28,Shuttle Booking - Scheduled Route,low,2026-03-09,2026-03-09,fulfilled,0
240,21,33,Maintenance - Carpentry/Structural,low,2026-04-03,2026-04-10,pending,0
241,10,16,IT Support Request (UGCS),high,2026-01-18,2026-01-20,fulfilled,0
242,24,20,Lab-Resource Movement - Instrument Booking,low,2026-04-16,2026-04-19,denied,0
243,19,33,Maintenance - Plumbing Issue,low,2026-04-27,2026-04-29,denied,0
244,23,27,Lab-Resource Movement - Equipment Transfer,high,2026-02-01,2026-02-04,denied,0
245,16,33,Maintenance - Electrical Fault,medium,2026-03-05,2026-03-08,pending,0
246,25,33,Maintenance - Electrical Fault,high,2026-03-15,2026-03-17,pending,0
247,29,28,Shuttle Booking - Special Event Transport,low,2026-04-17,2026-04-17,denied,0
248,26,56,Security Incident Report,high,2026-01-23,2026-01-23,overdue,0
249,30,29,Shuttle Booking - Special Event Transport,medium,2026-05-11,2026-05-11,overdue,0
250,19,23,Lab-Resource Movement - Equipment Transfer,high,2026-03-23,2026-03-25,fulfilled,0
251,8,33,Maintenance - AC/Ventilation Repair,medium,2026-02-20,2026-02-27,pending,0
252,24,33,Maintenance - Electrical Fault,high,2026-03-04,2026-03-05,overdue,50
253,13,16,IT Support Request (UGCS),high,2026-03-12,2026-03-13,denied,0
254,50,7,Shuttle Booking - Scheduled Route,high,2026-02-08,2026-02-08,pending,0
255,14,56,Security Incident Report,high,2026-03-14,2026-03-14,pending,0
256,10,16,IT Support Request (UGCS),medium,2026-04-19,2026-04-21,denied,0
257,42,11,Shuttle Booking - Special Event Transport,low,2026-04-08,2026-04-08,denied,0
258,45,7,Shuttle Booking - Scheduled Route,high,2026-01-18,2026-01-18,fulfilled,0
259,17,56,Security Incident Report,high,2026-04-16,2026-04-16,denied,0
260,7,16,IT Support Request (UGCS),low,2026-04-13,2026-04-15,fulfilled,0
261,27,21,Lab-Resource Movement - Instrument Booking,high,2026-01-31,2026-02-01,pending,0
262,11,33,Maintenance - Plumbing Issue,high,2026-02-22,2026-02-27,fulfilled,0
263,53,29,Shuttle Booking - Scheduled Route,medium,2026-02-13,2026-02-13,denied,0
264,2,16,IT Support Request (UGCS),high,2026-03-15,2026-03-16,pending,0
265,3,56,Security Incident Report,low,2026-01-28,2026-01-28,overdue,0
266,54,32,Shuttle Booking - Scheduled Route,medium,2026-03-14,2026-03-14,overdue,0
267,32,2,Shuttle Booking - Special Event Transport,low,2026-03-01,2026-03-01,denied,0
268,53,7,Shuttle Booking - Scheduled Route,high,2026-03-02,2026-03-02,fulfilled,0
269,25,19,Lab-Resource Movement - Equipment Transfer,medium,2026-02-25,2026-02-26,fulfilled,0
270,17,33,Maintenance - Electrical Fault,low,2026-04-02,2026-04-09,fulfilled,0
271,17,20,Lab-Resource Movement - Equipment Transfer,low,2026-04-07,2026-04-10,overdue,0
272,27,33,Maintenance - Plumbing Issue,medium,2026-02-11,2026-02-14,fulfilled,0
273,52,29,Shuttle Booking - Scheduled Route,high,2026-03-03,2026-03-03,denied,0
274,27,20,Lab-Resource Movement - Instrument Booking,medium,2026-03-16,2026-03-17,pending,0
275,42,7,Shuttle Booking - Scheduled Route,high,2026-03-13,2026-03-13,fulfilled,0
276,18,24,Lab-Resource Movement - Instrument Booking,medium,2026-04-24,2026-04-27,overdue,0
277,2,56,Security Incident Report,medium,2026-04-11,2026-04-11,fulfilled,0
278,22,20,Lab-Resource Movement - Instrument Booking,high,2026-05-08,2026-05-09,denied,0
279,52,6,Shuttle Booking - Special Event Transport,low,2026-02-19,2026-02-19,fulfilled,0
280,7,33,Maintenance - Electrical Fault,high,2026-02-25,2026-02-28,overdue,25
281,11,33,Maintenance - Carpentry/Structural,low,2026-03-13,2026-03-20,overdue,30
282,55,33,Maintenance - Electrical Fault,low,2026-04-12,2026-04-13,fulfilled,0
283,20,16,IT Support Request (UGCS),low,2026-03-05,2026-03-07,fulfilled,0
284,23,24,Lab-Resource Movement - Equipment Transfer,high,2026-04-28,2026-04-30,denied,0
285,19,33,Maintenance - Electrical Fault,high,2026-04-09,2026-04-12,overdue,40
286,18,26,Lab-Resource Movement - Instrument Booking,medium,2026-01-14,2026-01-15,overdue,0
287,1,33,Maintenance - AC/Ventilation Repair,medium,2026-04-09,2026-04-11,fulfilled,0
288,16,56,Security Incident Report,medium,2026-01-12,2026-01-12,denied,0
289,53,56,Security Incident Report,high,2026-04-01,2026-04-01,overdue,0
290,16,22,Lab-Resource Movement - Equipment Transfer,medium,2026-01-25,2026-01-28,pending,0
291,43,1,Shuttle Booking - Scheduled Route,low,2026-02-01,2026-02-01,overdue,0
292,26,16,IT Support Request (UGCS),low,2026-03-15,2026-03-18,overdue,0
293,21,27,Lab-Resource Movement - Instrument Booking,medium,2026-02-17,2026-02-20,denied,0
294,10,33,Maintenance - AC/Ventilation Repair,low,2026-02-12,2026-02-15,pending,0
295,57,56,Security Incident Report,low,2026-01-28,2026-01-28,fulfilled,0
296,49,33,Maintenance - Plumbing Issue,low,2026-02-20,2026-02-25,denied,0
297,13,33,Maintenance - Electrical Fault,high,2026-04-01,2026-04-06,fulfilled,0
298,24,22,Lab-Resource Movement - Instrument Booking,medium,2026-03-03,2026-03-05,overdue,0
299,21,18,Lab-Resource Movement - Instrument Booking,low,2026-04-09,2026-04-11,pending,0
300,14,16,IT Support Request (UGCS),high,2026-03-25,2026-03-28,pending,0
